,Time,State variable,Smoothing,Residuals,Variance,Lag-1 AC,Lag-2 AC,Lag-3 AC,AIC fold,AIC hopf,AIC null,Params fold,Params hopf,Params null,Smax,Smax/Var
0,0,9.348570191423551,10.011578216583047,-0.6630080251594954,,,,,,,,,,,,
1,1,10.444231971855645,10.003630471862264,0.44060149999338094,,,,,,,,,,,,
2,2,9.839160916080932,9.995680370142885,-0.15651945406195367,,,,,,,,,,,,
3,3,10.304320770906571,9.987727897147069,0.31659287375950207,,,,,,,,,,,,
4,4,9.928197271350317,9.979773037091963,-0.051575765741645796,,,,,,,,,,,,
5,5,10.254966201909596,9.971815757376916,0.28315044453268,,,,,,,,,,,,
6,6,10.00746146906005,9.963856018938579,0.04360545012147199,,,,,,,,,,,,
7,7,9.790742769737875,9.95589376456892,-0.16515099483104478,,,,,,,,,,,,
8,8,10.253377126642938,9.947928931743673,0.3054481948992649,,,,,,,,,,,,
9,9,9.04695874022861,9.939961462519824,-0.8930027222912145,,,,,,,,,,,,
10,10,9.5194743260726,9.931991290158123,-0.41251696408552263,,,,,,,,,,,,
11,11,9.80671747096807,9.924018379381065,-0.11730090841299479,,,,,,,,,,,,
12,12,10.017394588437325,9.916042727586136,0.10135186085118875,,,,,,,,,,,,
13,13,9.690879355184283,9.908064343863984,-0.21718498867970126,,,,,,,,,,,,
14,14,9.093154383126306,9.90008323629213,-0.8069288531658234,,,,,,,,,,,,
15,15,9.7662065742592,9.892099432304446,-0.12589285804524586,,,,,,,,,,,,
16,16,9.37867493606171,9.88411299555806,-0.5054380594963508,,,,,,,,,,,,
17,17,9.967983889605918,9.876124012325706,0.09185987728021239,,,,,,,,,,,,
18,18,10.028587667992237,9.868132596352119,0.16045507164011852,,,,,,,,,,,,
19,19,9.878794863579017,9.860138861474942,0.018656002104075142,,,,,,,,,,,,
20,20,10.473586372569976,9.852142911925439,0.6214434606445369,,,,,,,,,,,,
21,21,10.467018010287404,9.844144842895995,0.6228731673914094,,,,,,,,,,,,
22,22,9.5645581041821,9.836144715713246,-0.2715866115311467,,,,,,,,,,,,
23,23,9.058479388448788,9.828142561478337,-0.7696631730295493,,,,,,,,,,,,
24,24,10.13012126910332,9.820138426962503,0.3099828421408173,,,,,,,,,,,,
25,25,10.843332864737052,9.812132387946532,1.03120047679052,,,,,,,,,,,,
26,26,9.730221268526778,9.804124505634132,-0.0739032371073538,,,,,,,,,,,,
27,27,9.88645105303474,9.796114814240916,0.09033623879382446,,,,,,,,,,,,
28,28,9.430928848490819,9.788103345128107,-0.3571744966372883,,,,,,,,,,,,
29,29,9.413091033728396,9.780090130586116,-0.3669990968577199,,,,,,,,,,,,
30,30,10.891016211571598,9.772075225085475,1.1189409864861233,,,,,,,,,,,,
31,31,10.183919090642663,9.764058701965427,0.4198603886772361,,,,,,,,,,,,
32,32,9.893588137686566,9.756040614119444,0.13754752356712174,,,,,,,,,,,,
33,33,9.843686669874769,9.748020987458412,0.09566568241635665,,,,,,,,,,,,
34,34,9.28341939097301,9.739999834193883,-0.4565804432208722,,,,,,,,,,,,
35,35,9.748140820308203,9.731977164757687,0.0161636555505158,,,,,,,,,,,,
36,36,10.500985248482635,9.723953009496771,0.7770322389858642,,,,,,,,,,,,
37,37,10.523602530817683,9.715927397005201,0.8076751338124826,,,,,,,,,,,,
38,38,9.707652341212986,9.707900322553467,-0.0002479813404807629,,,,,,,,,,,,
39,39,9.36351923215541,9.699871747531397,-0.336352515375987,,,,,,,,,,,,
40,40,9.870848196264797,9.691841629416631,0.17900656684816596,,,,,,,,,,,,
41,41,9.758254824754195,9.68380993854519,0.07444488620900458,,,,,,,,,,,,
42,42,9.662032824666063,9.675776638005354,-0.013743813339290867,,,,,,,,,,,,
43,43,9.380659100986179,9.667741683432041,-0.28708258244586204,,,,,,,,,,,,
44,44,9.913739544344674,9.659705032180051,0.2540345121646226,,,,,,,,,,,,
45,45,9.756666207264033,9.65166665141868,0.10499955584535314,,,,,,,,,,,,
46,46,9.670457703077778,9.643626496474628,0.026831206603150193,,,,,,,,,,,,
47,47,9.66800748975452,9.635584511931297,0.032422977823223675,,,,,,,,,,,,
48,48,9.812706200408293,9.627540637108732,0.18516556329956124,,,,,,,,,,,,
49,49,9.292889241898454,9.619494804648602,-0.3266055627501476,,,,,,,,,,,,
50,50,9.121342064025708,9.611446938660043,-0.4901048746343353,,,,,,,,,,,,
51,51,8.520617687803378,9.60339697939454,-1.0827792915911623,,,,,,,,,,,,
52,52,9.363329517012048,9.595344896011483,-0.23201537899943503,,,,,,,,,,,,
53,53,10.314034018484698,9.587290686244067,0.7267433322406305,,,,,,,,,,,,
54,54,10.206628284262369,9.579234358594073,0.6273939256682954,,,,,,,,,,,,
55,55,9.741491523744703,9.571175892554063,0.17031563119063975,,,,,,,,,,,,
56,56,9.186955569878979,9.563115232682556,-0.3761596628035768,,,,,,,,,,,,
57,57,9.310276788313375,9.555052310283456,-0.24477552197008023,,,,,,,,,,,,
58,58,9.238817297758917,9.546987072763814,-0.30816977500489706,,,,,,,,,,,,
59,59,9.595746352010853,9.538919486394422,0.05682686561643102,,,,,,,,,,,,
60,60,9.457578764026541,9.530849534187013,-0.07327077016047134,,,,,,,,,,,,
61,61,9.689463962224766,9.52277720049887,0.16668676172589514,,,,,,,,,,,,
62,62,9.414795275299866,9.514702470233694,-0.09990719493382727,,,,,,,,,,,,
63,63,8.971512419021039,9.506625321192022,-0.5351129021709831,,,,,,,,,,,,
64,64,10.024209595858741,9.49854573966079,0.5256638561979514,,,,,,,,,,,,
65,65,9.124057846204224,9.490463731625349,-0.3664058854211252,,,,,,,,,,,,
66,66,8.909138112510014,9.48237929029949,-0.573241177789475,,,,,,,,,,,,
67,67,9.018553529047061,9.474292428433538,-0.4557388993864766,,,,,,,,,,,,
68,68,9.11975232821611,9.466203197179876,-0.34645086896376576,,,,,,,,,,,,
69,69,9.675560269087798,9.458111686317135,0.21744858277066292,,,,,,,,,,,,
70,70,9.686897351217349,9.450018014186524,0.23687933703082464,,,,,,,,,,,,
71,71,9.346849768426795,9.441922296720314,-0.0950725282935192,,,,,,,,,,,,
72,72,9.623095801954745,9.43382464284322,0.18927115911152548,,,,,,,,,,,,
73,73,10.424162424486953,9.425725169164032,0.998437255322921,,,,,,,,,,,,
74,74,9.85400239867293,9.417623983999302,0.43637841467362826,,,,,,,,,,,,
75,75,9.650331380323832,9.409521166196813,0.24081021412701986,,,,,,,,,,,,
76,76,9.787278154725287,9.401416764314826,0.3858613904104615,,,,,,,,,,,,
77,77,9.182718846468985,9.393310802467186,-0.21059195599820058,,,,,,,,,,,,
78,78,10.504404123873519,9.385203281504628,1.1192008423688904,,,,,,,,,,,,
79,79,10.327203641070193,9.377094202211882,0.9501094388583109,,,,,,,,,,,,
80,80,9.423946323233174,9.3689835322804,0.05496279095277501,,,,,,,,,,,,
81,81,9.632472512356065,9.360871192962298,0.27160131939376697,,,,,,,,,,,,
82,82,8.668726544987885,9.352757077959216,-0.684030532971331,,,,,,,,,,,,
83,83,9.264398838347969,9.34464105606964,-0.08024221772167195,,,,,,,,,,,,
84,84,9.344525467182399,9.336523012842592,0.008002454339806064,,,,,,,,,,,,
85,85,9.515222984235546,9.32840283313813,0.18682015109741634,,,,,,,,,,,,
86,86,9.156480386714918,9.320280381495284,-0.16379999478036567,,,,,,,,,,,,
87,87,9.725401719986756,9.31215548925408,0.4132462307326765,,,,,,,,,,,,
88,88,9.091978429975235,9.304027962819529,-0.2120495328442935,,,,,,,,,,,,
89,89,9.736728673741014,9.295897552864398,0.44083112087661647,,,,,,,,,,,,
90,90,9.288521008639304,9.287763970609527,0.0007570380297767798,,,,,,,,,,,,
91,91,8.612624170471587,9.279626848165794,-0.6670026776942066,,,,,,,,,,,,
92,92,8.879048020559601,9.271485758143616,-0.39243773758401446,,,,,,,,,,,,
93,93,9.87860963415277,9.263340255144183,0.6152693790085877,,,,,,,,,,,,
94,94,8.836658736833005,9.255189849302138,-0.41853111246913244,,,,,,,,,,,,
95,95,8.730079965240668,9.247033931086895,-0.516953965846227,,,,,,,,,,,,
96,96,9.215690944754265,9.238871818626802,-0.023180873872536978,,,,,,,,,,,,
97,97,8.874111446496345,9.23070276334873,-0.356591316852386,,,,,,,,,,,,
98,98,8.960235707968376,9.222525904802932,-0.2622901968345559,,,,,,,,,,,,
99,99,8.85137806697989,9.214340277232008,-0.3629622102521175,,,,,,,,,,,,
100,100,9.363623064428225,9.20614480316622,0.15747826126200515,,,,,,,,,,,,
101,101,9.182133057232969,9.197938283458907,-0.01580522622593783,,,,,,,,,,,,
102,102,9.698988891535725,9.189719349635197,0.5092695419005278,,,,,,,,,,,,
103,103,8.742560158320131,9.18148646908359,-0.438926310763458,,,,,,,,,,,,
104,104,9.618958148321529,9.173237953815692,0.4457201945058369,,,,,,,,,,,,
105,105,9.647497910778407,9.164972097255673,0.4825258135227344,,,,,,,,,,,,
106,106,9.409862472603315,9.156687216268605,0.2531752563347105,,,,,,,,,,,,
107,107,9.41734236048396,9.148381802117656,0.26896055836630417,,,,,,,,,,,,
108,108,9.064703604744283,9.140054800433425,-0.07535119568914261,,,,,,,,,,,,
109,109,8.771526727589713,9.131705989672218,-0.3601792620825055,,,,,,,,,,,,
110,110,9.71281223480668,9.12348948575918,0.5893227490475006,,,,,,,,,,,,
111,111,9.276118460627586,9.115301380167796,0.1608170804597897,,,,,,,,,,,,
112,112,8.740813881666774,9.10714205774982,-0.36632817608304613,,,,,,,,,,,,
113,113,9.167854526990052,9.099012050593696,0.06884247639635532,,,,,,,,,,,,
114,114,9.23343901157999,9.090912079672615,0.14252693190737453,,,,,,,,,,,,
115,115,9.48249190525273,9.082842599989204,0.3996493052635248,,,,,,,,,,,,
116,116,9.046336538210367,9.07480405149554,-0.028467513285173496,,,,,,,,,,,,
117,117,8.741071272849519,9.066796975194581,-0.3257257023450624,,,,,,,,,,,,
118,118,8.555350399195403,9.058822111692933,-0.5034717124975305,,,,,,,,,,,,
119,119,8.491103730147884,9.050880298699772,-0.5597765685518876,,,,,,,,,,,,
120,120,9.123271245834824,9.042971877330311,0.08029936850451236,,,,,,,,,,,,
121,121,9.274776775137287,9.035096586392438,0.23968018874484898,,,,,,,,,,,,
122,122,9.475963425948212,9.02725388376617,0.4487095421820424,,,,,,,,,,,,
123,123,9.374123928966206,9.019443089573235,0.35468083939297124,,,,,,,,,,,,
124,124,8.949788467973237,9.011663091739253,-0.06187462376601616,,,,,,,,,,,,
125,125,9.961774727084682,9.003912100543735,0.9578626265409476,,,,,,,,,,,,
126,126,9.24016212821075,8.996188147309173,0.2439739809015773,,,,,,,,,,,,
127,127,8.436726493745779,8.988489136320847,-0.5517626425750688,,,,,,,,,,,,
128,128,9.1194560723938,8.980813084277843,0.13864298811595788,,,,,,,,,,,,
129,129,8.901266142619281,8.973157847737994,-0.07189170511871268,,,,,,,,,,,,
130,130,8.858793562573332,8.965521197453805,-0.10672763488047288,,,,,,,,,,,,
131,131,8.85829540017022,8.957901395081578,-0.09960599491135724,,,,,,,,,,,,
132,132,9.07493834320279,8.950297180580147,0.12464116262264291,,,,,,,,,,,,
133,133,8.565443419656948,8.942707274047615,-0.3772638543906677,,,,,,,,,,,,
134,134,8.657028026352455,8.935130319804076,-0.27810229345162085,,,,,,,,,,,,
135,135,8.853664977442905,8.927565500374058,-0.07390052293115268,,,,,,,,,,,,
136,136,9.436559072201021,8.920012737426141,0.5165463347748798,,,,,,,,,,,,
137,137,8.778249932596777,8.91247234197415,-0.1342224093773723,,,,,,,,,,,,
138,138,8.655798952736337,8.904944853513465,-0.24914590077712795,,,,,,,,,,,,
139,139,9.291428794437705,8.897430685217943,0.39399810921976197,,,,,,,,,,,,
140,140,9.286261937951778,8.88993002412678,0.3963319138249979,,,,,,,,,,,,
141,141,9.107423262101968,8.882443186846043,0.22498007525592456,,,,,,,,,,,,
142,142,8.693355745668478,8.874970765915945,-0.18161502024746667,,,,,,,,,,,,
143,143,9.2331282758154,8.867513447736084,0.3656148280793161,,,,,,,,,,,,
144,144,8.994143572476919,8.860071882100323,0.1340716903765955,,,,,,,,,,,,
145,145,8.952837595246077,8.852646113723338,0.10019148152273871,,,,,,,,,,,,
146,146,8.935271986502292,8.845235794029493,0.09003619247279815,,,,,,,,,,,,
147,147,8.928540665435706,8.837840770161488,0.09069989527421818,,,,,,,,,,,,
148,148,9.213105916730076,8.830460995929943,0.3826449208001321,,,,,,,,,,,,
149,149,8.857728172406569,8.823095990429165,0.03463218197740403,,,,,,,,,,,,
150,150,7.989379121820278,8.81574466587,-0.8263655440497217,,,,,,,,,,,,
151,151,8.351554368686305,8.808405825393415,-0.4568514567071098,,,,,,,,,,,,
152,152,8.615371453562638,8.801078298531545,-0.185706844968907,,,,,,,,,,,,
153,153,8.781260743628833,8.793761194821101,-0.012500451192268613,,,,,,,,,,,,
154,154,8.526098177745583,8.78645356357983,-0.2603553858342469,,,,,,,,,,,,
155,155,8.19218072560606,8.779154465480348,-0.5869737398742885,,,,,,,,,,,,
156,156,8.744625033545413,8.771863471343421,-0.027238437798008164,,,,,,,,,,,,
157,157,9.058368991619098,8.764580561926433,0.2937884296926647,,,,,,,,,,,,
158,158,8.243903139634162,8.757306232218358,-0.5134030925841966,,,,,,,,,,,,
159,159,8.43847049259605,8.750041448198893,-0.31157095560284276,,,,,,,,,,,,
160,160,8.335292789633739,8.742787188304888,-0.4074943986711492,,,,,,,,,,,,
161,161,8.692370932154631,8.735543891362767,-0.04317295920813535,,,,,,,,,,,,
162,162,8.574779585035124,8.72831135177068,-0.15353176673555602,,,,,,,,,,,,
163,163,8.107609466323092,8.721088839436964,-0.6134793731138721,,,,,,,,,,,,
164,164,8.906230003233922,8.713875891741555,0.19235411149236725,,,,,,,,,,,,
165,165,8.949816847079958,8.706672447747644,0.2431443993323139,,,,,,,,,,,,
166,166,8.62572409345838,8.69947859497149,-0.07375450151310936,,,,,,,,,,,,
167,167,8.280751402074944,8.692294467572042,-0.4115430654970975,,,,,,,,,,,,
168,168,8.08377476943364,8.685119842774002,-0.6013450733403616,,,,,,,,,,,,
169,169,8.333941798437642,8.677953902802539,-0.3440121043648965,,,,,,,,,,,,
170,170,7.8348596574232605,8.670795527130718,-0.8359358697074573,,,,,,,,,,,,
171,171,8.95568692760196,8.663643656991098,0.2920432706108613,,,,,,,,,,,,
172,172,8.493189101874078,8.656497769299238,-0.16330866742515937,,,,,,,,,,,,
173,173,8.559400810281497,8.649357386559942,-0.08995657627844444,,,,,,,,,,,,
174,174,8.445910787588005,8.642221959979912,-0.19631117239190665,,,,,,,,,,,,
175,175,8.633048548769263,8.635091015550065,-0.002042466780801888,,,,,,,,,,,,
176,176,8.977417786300862,8.62796364705028,0.34945413925058233,,,,,,,,,,,,
177,177,7.768977909077924,8.620838038465015,-0.8518601293870915,,,,,,,,,,,,
178,178,8.49397145333049,8.613711484080063,-0.11974003074957373,,,,,,,,,,,,
179,179,8.504793709007634,8.606580844008132,-0.10178713500049774,,,,,,,,,,,,
180,180,8.973411453949467,8.599443294266205,0.3739681596832618,,,,,,,,,,,,
181,181,8.880751737528465,8.592296520864606,0.2884552166638592,,,,,,,,,,,,
182,182,8.102610903747632,8.585138273535424,-0.48252736978779254,,,,,,,,,,,,
183,183,7.916682985659312,8.57796601334217,-0.6612830276828578,,,,,,,,,,,,
184,184,8.72898499610316,8.570777156437407,0.15820783966575291,,,,,,,,,,,,
185,185,8.933211192239991,8.563569207256945,0.3696419849830459,,,,,,,,,,,,
186,186,8.575758617570472,8.556339609010184,0.019419008560287665,,,,,,,,,,,,
187,187,8.798218946782152,8.549085822634797,0.24913312414735422,,,,,,,,,,,,
188,188,8.389683356717212,8.541805499834897,-0.15212214311768513,,,,,,,,,,,,
189,189,8.837995289811124,8.53449715317355,0.3034981366375735,,,,,,,,,,,,
190,190,8.519439156887842,8.527160349150597,-0.007721192262755139,,,,,,,,,,,,
191,191,8.205863875107182,8.519795365071992,-0.31393148996481024,,,,,,,,,,,,
192,192,8.425101472825999,8.512403175240399,-0.0873017024144005,,,,,,,,,,,,
193,193,8.357782848063348,8.504984800172975,-0.1472019521096275,,,,,,,,,,,,
194,194,8.608023090368064,8.497541415834982,0.11048167453308189,,,,,,,,,,,,
195,195,8.34674633528327,8.490074210209395,-0.14332787492612553,,,,,,,,,,,,
196,196,8.363945725311785,8.482584496458658,-0.11863877114687327,,,,,,,,,,,,
197,197,9.400580011785486,8.475073846066103,0.9255061657193835,,,,,,,,,,,,
198,198,9.151760198152912,8.467544196480533,0.6842160016723788,,,,,,,,,,,,
199,199,8.574159396088953,8.459997237552779,0.11416215853617473,0.16577567093736467,0.19637306397651622,-0.08404586113376847,-0.04612936890968097,0.9987685453207411,0.0010600461341523674,0.00017140854510659233,"{'sigma': 0.6259671000295219, 'lam': -2.8072528122361544}","{'sigma': 0.17013458726591524, 'mu': -0.4318495635535813, 'w0': 1.2759030411879773, 'delta': 9.94793136754879e-11, 'psi': 0.2}",{'sigma': 0.19152400099067032},0.010796576145639532,0.06512762750161827
200,200,8.53998068229955,8.452434735624939,0.08754594667461113,0.16361741030337135,0.207526451623723,-0.0852622665433586,-0.036777907524729904,,,,,,,,
201,201,8.031783978938698,8.444858662166137,-0.413074683227439,0.16348327294492532,0.20863631718126727,-0.09124464067216798,-0.04456803081694559,,,,,,,,
202,202,8.80256396822183,8.437270963041126,0.36529300518070507,0.16404487620300853,0.20492763098826836,-0.09029063008684304,-0.04183998970969564,,,,,,,,
203,203,8.48036743732639,8.429673781162988,0.05069365616340171,0.16354860918051964,0.20590527031635528,-0.09381462102818088,-0.042218886210602026,,,,,,,,
204,204,8.823801904766794,8.422069832574106,0.40173207219268825,0.16435349457545972,0.20673569594544092,-0.08873568100728971,-0.04735613310772139,,,,,,,,
205,205,8.927911751273939,8.41446169358471,0.5134500576892282,0.16527511780430348,0.2116052407307847,-0.0862277878304089,-0.04406417780609085,,,,,,,,
206,206,8.909276608772862,8.406851002362718,0.502425606410144,0.1665255802661432,0.21807013549548737,-0.08006493577083984,-0.042269529999663984,,,,,,,,
207,207,8.895337275881616,8.39923851715174,0.4960987587298753,0.1675944401810169,0.22577430435101234,-0.07729010058057316,-0.03818121459175369,,,,,,,,
208,208,8.941803016732251,8.391624044858345,0.5501789718739065,0.16862971022492276,0.24333821731255736,-0.06482485644478365,-0.02824305106109919,,,,,,,,
209,209,9.37325824291079,8.384006812418056,0.9892514304927342,0.1693088774258216,0.24672005972153735,-0.05367868099032948,-0.011009497466612015,,,,,,,,
210,210,8.871309992042143,8.376385379702066,0.49492461234007656,0.16950958588868312,0.2551259064430047,-0.04467602856811302,-0.0070214532890134265,,,,,,,,
211,211,8.720405623164778,8.368757669956874,0.35164795320790354,0.16995514005023551,0.2589022289948781,-0.03548260953276223,-0.005033607489972248,,,,,,,,
212,212,7.738378220512862,8.361121104655748,-0.6227428841428857,0.17201240586297245,0.2514634267413281,-0.04265891807035427,-0.023434981417438897,,,,,,,,
213,213,7.814849258324619,8.353472966738202,-0.5386237084135832,0.17329586699958496,0.25631474962995465,-0.048989346357763405,-0.035109504640250706,,,,,,,,
214,214,7.631312436574559,8.345810419812556,-0.7144979832379974,0.17257172312558292,0.26429618155342294,-0.04786784655497841,-0.040627584643728024,,,,,,,,
215,215,8.081587273572216,8.338131071219683,-0.25654379764746693,0.17284738464765928,0.2667476993261453,-0.042683329674386455,-0.034372601303126325,,,,,,,,
216,216,8.45138498976456,8.330433167194274,0.12095182257028547,0.17151150574039778,0.26778815934104805,-0.042526354367473,-0.03605684734929169,,,,,,,,
217,217,8.54947599901395,8.322715337659925,0.2267606613540245,0.17169785881140046,0.26799161085568385,-0.044126545160796726,-0.04165502517874106,,,,,,,,
218,218,7.864029900341474,8.3149763559004,-0.45094645555892665,0.17271736058102546,0.2642159826763208,-0.048085116584986834,-0.0403878901210633,,,,,,,,
219,219,8.529361581782778,8.307214475017085,0.22214710676569283,0.17292341310682616,0.2618236904121015,-0.04698950880656438,-0.039799581781111995,0.9999982379863891,2.1003658294980537e-07,1.5519770280895598e-06,"{'sigma': 0.5559654384239457, 'lam': -2.5036974626432276}","{'sigma': 2629.570006136919, 'mu': -306.42713915508756, 'w0': 14122.718358848135, 'delta': 13217.376888770406, 'psi': 0.2}",{'sigma': 0.1861512137409736},0.009280110169695438,0.05366601319604132
220,220,8.586689728950489,8.299427331868811,0.2872623970816779,0.17146231793131592,0.2550411927319519,-0.04575411200553532,-0.024455580234546286,,,,,,,,
221,221,8.363625380663974,8.29161235330941,0.07201302735456316,0.16963349927212992,0.26208226501353876,-0.03170796880903503,-0.030547090273252257,,,,,,,,
222,222,7.848469669871837,8.283766651232055,-0.4352969813602181,0.17024023976836586,0.2564936058895047,-0.03285286710163534,-0.024978330255667966,,,,,,,,
223,223,8.081646106110826,8.275886828781138,-0.19424072267031178,0.1673584744981329,0.26806439215406186,-0.009413583151624078,-0.028945930479966204,,,,,,,,
224,224,8.31862964445864,8.267969471078501,0.050660173380139284,0.16693318891074008,0.2631655115728903,-0.00918173319297646,-0.029622549056324266,,,,,,,,
225,225,8.665128012931737,8.26001137817697,0.40511663475476745,0.16250825995319476,0.26992703325310313,-0.014288361291497137,-0.02379426732710625,,,,,,,,
226,226,8.072583179908264,8.252009591040219,-0.17942641113195457,0.16265648573121808,0.2670548846618889,-0.015531045147955712,-0.023591431654357974,,,,,,,,
227,227,7.979697882999509,8.243961248636218,-0.26426336563670905,0.16300899554166323,0.26970717605928707,-0.01798649729252838,-0.027133713502535982,,,,,,,,
228,228,7.785126426039265,8.235863482649934,-0.4507370566106692,0.16339902956484612,0.26928959848989587,-0.0025110069079471425,-0.027944462900692565,,,,,,,,
229,229,8.097913399205908,8.227712931997676,-0.12979953279176826,0.16278019367158014,0.2894716902103728,0.003683671092109319,-0.025542010071649853,,,,,,,,
230,230,8.060433974958494,8.219505933261289,-0.15907195830279441,0.156726036780686,0.2816556713157767,0.001371334793907994,-0.027873404999919152,,,,,,,,
231,231,8.066998048626488,8.21123900726966,-0.14424095864317188,0.1559673159166742,0.281269801348264,0.0007613079541642701,-0.019617272982883138,,,,,,,,
232,232,7.855433167139337,8.202909267203111,-0.3474761000637745,0.15648559845323715,0.28198054284856827,0.004580417993490043,-0.018119845274003444,,,,,,,,
233,233,8.320541749890909,8.194514574614987,0.12602717527592233,0.1565193544783165,0.2823501451994947,0.003951778195880857,-0.021306062240645365,,,,,,,,
234,234,8.56197878789213,8.186053175686348,0.3759256122057817,0.15616203343517632,0.28428865043064755,0.011305778441744964,-0.011107972274118427,,,,,,,,
235,235,8.581280148627659,8.177523740911687,0.40375640771597254,0.15695876314189391,0.2901893126252808,0.012668635251264253,-0.015730719606617136,,,,,,,,
236,236,7.688797237550561,8.168925824448122,-0.4801285868975613,0.1551242384334032,0.26743805293686895,0.006761766363826279,-0.009245030910200774,,,,,,,,
237,237,8.013358866806103,8.160259683974722,-0.14690081716861947,0.15193277865571217,0.27136890857146234,0.013848790520969892,-0.01606807833858437,,,,,,,,
238,238,8.289281490063116,8.151525582891654,0.1377559071714618,0.1520341238500015,0.2710639072886945,0.011554910488082585,-0.014112155012383118,,,,,,,,
239,239,8.16767296358652,8.142723935155747,0.024949028430773623,0.15147988119946512,0.2737543775571536,0.012298274233123187,-0.014650357148526949,0.9999998762610991,1.4750006841403121e-08,1.0898889387267374e-07,"{'sigma': 0.5317883764384383, 'lam': -2.376180401282572}","{'sigma': 3372.4027062342716, 'mu': -1111.3185728835465, 'w0': 18136.935202271285, 'delta': 14853.53545747956, 'psi': 0.2}",{'sigma': 0.1855988820476622},0.009726992039056874,0.06421309524430245
240,240,8.26508462121692,8.133854892162312,0.13122972905460806,0.15140430188914125,0.27350262437286493,0.012990001646670142,-0.013583081354848288,,,,,,,,
241,241,8.57556778770718,8.124918159053554,0.45064962865362723,0.15240250897468854,0.2745635598836524,0.014126017071493299,-0.012090290112154218,,,,,,,,
242,242,8.519323519671193,8.115913316905594,0.403410202765599,0.15321716249033412,0.2791570466281665,0.01597430921159287,-0.011645030261759622,,,,,,,,
243,243,8.652261070769693,8.106839777129016,0.5454212936406773,0.15426740588004512,0.2872456116196476,0.024877564732899635,-0.008982367854739097,,,,,,,,
244,244,8.968411867498636,8.09769659568688,0.8707152718117559,0.15770784351600142,0.2970840070980663,0.0356363140050848,0.00361295548659542,,,,,,,,
245,245,8.82613241706221,8.08848247444342,0.7376499426187895,0.16032067756479634,0.31095161663306,0.047731961540482856,0.012421178275727014,,,,,,,,
246,246,8.497565045642832,8.07919614408592,0.41836890155691187,0.16114565315337837,0.31678618547105564,0.05801943098446147,0.019657090365215204,,,,,,,,
247,247,8.36297474467044,8.069836542156096,0.29313820251434386,0.16153396907363413,0.3191571706224228,0.06415519606682865,0.02747677960632879,,,,,,,,
248,248,8.259860494975747,8.060402593910405,0.1994579010653421,0.1615593995906113,0.32275466742976006,0.06930786163167203,0.03814658685006017,,,,,,,,
249,249,8.411100709744273,8.050893162239104,0.36020754750516915,0.16155786694939664,0.3204050745653408,0.061545581546373664,0.03960807984858598,,,,,,,,
250,250,8.248366423656217,8.041306902875798,0.2070595207804189,0.1604227456332123,0.3112684534811227,0.058608122130984694,0.053098531450715164,,,,,,,,
251,251,8.320912785100978,8.03164227570605,0.28927050939492815,0.15459794056143358,0.3093892920849458,0.08835729579086239,0.07799071712312118,,,,,,,,
252,252,8.03050106231073,8.021897537240475,0.008603525070254747,0.15425601116643092,0.3176909569690274,0.0940216560981473,0.0790564593035701,,,,,,,,
253,253,7.8803733262424664,8.012070925127508,-0.13169759888504196,0.151931924773033,0.30815220738489685,0.0898953102752873,0.08825385541548483,,,,,,,,
254,254,8.122799205706645,8.002161256920616,0.12063794878602963,0.15015300347662278,0.30646877134312783,0.0986948718354683,0.09510265973781985,,,,,,,,
255,255,7.893556512830123,7.9921679351004835,-0.0986114222703609,0.1501177019246125,0.3088547405308568,0.10076702874667742,0.09701164169251929,,,,,,,,
256,256,7.635259414177002,7.982090988837104,-0.3468315746601025,0.15000460823429174,0.30717903072312985,0.0952662316997332,0.09937176523725297,,,,,,,,
257,257,7.7140536862698275,7.971931020834556,-0.2578773345647285,0.1500406295179866,0.30751309187196973,0.09670282612094151,0.09756184801596332,,,,,,,,
258,258,7.934517961959622,7.961689107178514,-0.02717114521889208,0.14950243186596474,0.3085160944058001,0.09621814282504441,0.09958146679531957,,,,,,,,
259,259,7.7044884067705475,7.951367252883618,-0.24687884611307087,0.14986221312320183,0.30874712090213224,0.09840920902463039,0.10276419452969926,0.9999999915033734,1.0128198893468976e-09,7.483806893221861e-09,"{'sigma': 0.4621165583007974, 'lam': -2.0060945330212023}","{'sigma': 2518.7045197163025, 'mu': -754.2777414490585, 'w0': 13723.442840436073, 'delta': 11494.923130421801, 'psi': 0.2}",{'sigma': 0.18325892066684374},0.010972436935150856,0.07321683502785595
260,260,8.401324448621512,7.94096822768565,0.4603562209358625,0.15077459436330776,0.3040564933137009,0.09698433238595743,0.09686818884679375,,,,,,,,
261,261,8.069515254514625,7.930495165973287,0.13902008854133818,0.15073895628115166,0.3054661749236261,0.0990862091879629,0.0946786177137674,,,,,,,,
262,262,7.588482263984178,7.919951356582902,-0.3314690925987245,0.15129685811509,0.3027311986472576,0.09581753941960379,0.09625813351777354,,,,,,,,
263,263,8.741008855488108,7.90934025613933,0.8316685993487782,0.1529645059880292,0.3014082980761332,0.09115297295159258,0.09640184032983719,,,,,,,,
264,264,8.080294334799317,7.898665429226976,0.18162890557234146,0.1518434901783843,0.3106930605927278,0.10026597106496304,0.10602218383188304,,,,,,,,
265,265,8.645733956881957,7.887930318743046,0.7578036381389106,0.15370003378441746,0.30627156377711484,0.11187052957909784,0.09163785214394495,,,,,,,,
266,266,8.424628406040693,7.877137905400064,0.5474905006406292,0.15313831468836187,0.3076280073739919,0.10699265544341877,0.10796158772684196,,,,,,,,
267,267,8.241269818991924,7.866290862247328,0.374978956744596,0.15245158736680878,0.30693987134836587,0.11711014162177247,0.11304711346386963,,,,,,,,
268,268,7.725182132525617,7.855391653819589,-0.13020952129397134,0.1518369381305485,0.30746336115225076,0.11647947069036506,0.10636083117729797,,,,,,,,
269,269,7.79493498570927,7.844442078042657,-0.04950709233338646,0.15173067446850158,0.30703954875164363,0.1161228074555937,0.10357869869496247,,,,,,,,
270,270,7.482922577529726,7.833443461307902,-0.35052088377817636,0.15231541175893518,0.3085842895347411,0.11720759896759915,0.09422455156275242,,,,,,,,
271,271,7.8759854719079545,7.822396758125141,0.05358871378281371,0.15222296805583305,0.30851429777956374,0.12347413255790197,0.09623936792768747,,,,,,,,
272,272,7.746980184406543,7.811302861143343,-0.0643226767367997,0.15216790310187164,0.3085650264955426,0.12284094902813238,0.09559708593285111,,,,,,,,
273,273,7.738458323228235,7.80016283879376,-0.06170451556552514,0.14757805674293684,0.3012815917507843,0.11794697533310854,0.08662259927418495,,,,,,,,
274,274,8.572122156509394,7.788977593991018,0.7831445625183759,0.14957835825216462,0.2941671471963527,0.11002434637299624,0.08992047187988733,,,,,,,,
275,275,7.708272310916659,7.77774788268697,-0.06947557177031172,0.14942313762971676,0.28707559404160443,0.11225024854534674,0.08430439832304215,,,,,,,,
276,276,7.247284069583582,7.766474286587087,-0.519190217003505,0.150328357197504,0.2912400113115846,0.08577054714075384,0.07555760564137581,,,,,,,,
277,277,7.280161364655307,7.755157296224033,-0.474995931568726,0.151318807466247,0.31318263824928644,0.09645132670907623,0.061963955732064875,,,,,,,,
278,278,7.66613161691412,7.743797515128382,-0.07766589821426262,0.14537067764928308,0.2891823551690271,0.09839193808193503,0.05385744573296956,,,,,,,,
279,279,8.291530853513693,7.732395495584634,0.5591353579290592,0.14249312898719763,0.28899703555792705,0.08121048234271634,0.06747107186817802,0.9999999444738616,6.618866910112769e-09,4.890727150287343e-08,"{'sigma': 0.4481346199079978, 'lam': -2.0627923707438023}","{'sigma': 3236.569394100435, 'mu': -2847.665825943018, 'w0': 18361.62917316716, 'delta': 9948.177374289326, 'psi': 0.2}",{'sigma': 0.17419042799953602},0.009354422264353322,0.06564823392427417
280,280,7.778087494410828,7.720951295163563,0.05713619924726476,0.14249388725249257,0.28821521221238994,0.08271377432742896,0.06672689718419597,,,,,,,,
281,281,8.038429337360531,7.709464228177036,0.3289651091834953,0.14265462044087585,0.2973314167745493,0.08905310268871743,0.06579479809404451,,,,,,,,
282,282,7.561062623597076,7.697933349528812,-0.1368707259317361,0.14027105806672,0.2949594044044704,0.08915827933323305,0.06700033807280276,,,,,,,,
283,283,7.572520418493153,7.686357595037875,-0.11383717654472214,0.14031202007715352,0.29552004092997086,0.0881448272183836,0.06616279432279196,,,,,,,,
284,284,6.931643063950725,7.674735886964733,-0.7430928230140079,0.1432549786180843,0.2963634448647602,0.09153730272288717,0.05750907437322892,,,,,,,,
285,285,6.738465510210947,7.663066946773801,-0.9246014365628543,0.14757279364325607,0.31511319671387844,0.09269645819499577,0.06332618297538337,,,,,,,,
286,286,7.412731761405405,7.651349544736284,-0.2386177833308789,0.14773514070209987,0.32159891120619377,0.09701858412658497,0.06752783730121975,,,,,,,,
287,287,7.876540511113198,7.639582589738781,0.23695792137441707,0.14718406918597415,0.3232788735029163,0.08295749301939445,0.06111074551057026,,,,,,,,
288,288,8.075255899055415,7.627764714892836,0.4474911841625797,0.1478631268690928,0.32984612346433645,0.07882608378780977,0.0410812822792211,,,,,,,,
289,289,7.959990335414878,7.615894486550168,0.34409584886471034,0.14749778834709323,0.33427602434792975,0.09212836597258647,0.04450096950548297,,,,,,,,
290,290,6.779041712646775,7.603970734204854,-0.8249290215580789,0.15103673189354486,0.32258452411226185,0.07832178803719712,0.037896200298192136,,,,,,,,
291,291,6.846744026351975,7.59199289495111,-0.745248868599135,0.15160155406644657,0.3311740600481434,0.0840987439186527,0.016424773156310985,,,,,,,,
292,292,6.631398949105607,7.579960829252083,-0.9485618801464755,0.1554079664899874,0.358109840698015,0.10345838135502107,-0.0017416046419981646,,,,,,,,
293,293,6.988769775581426,7.5678743943770455,-0.5791046187956193,0.1552647979542108,0.3805974915518986,0.1283142439531391,0.015621514125112593,,,,,,,,
294,294,7.119538326503008,7.555733263239014,-0.4361949367360056,0.15534122077123333,0.3812694756485803,0.13984166027254502,0.021489850413105024,,,,,,,,
295,295,7.6127487070212165,7.5435370966137345,0.06921161040748203,0.15399558642446629,0.3803254558386628,0.13251394683809317,0.014624779533412055,,,,,,,,
296,296,8.13246705425863,7.531285564701715,0.6011814895569145,0.15576154312051288,0.3798350970396106,0.12270662737339225,0.0027341671494828836,,,,,,,,
297,297,8.20763673310875,7.518978108067489,0.6886586250412607,0.15738232909981179,0.38582941264450366,0.11924998944963451,-0.00531517331583855,,,,,,,,
298,298,7.949473164098483,7.506613978008772,0.4428591860897102,0.1579079069210328,0.3890819853656629,0.12771874267404312,-0.004768092999336024,,,,,,,,
299,299,8.319606781144484,7.494192134838382,0.8254146463061023,0.160420451966664,0.397471841657332,0.14254134867854912,0.016400185363031814,0.9999999997796634,2.6264714140825285e-11,1.9407192527326147e-10,"{'sigma': 0.4220598033777718, 'lam': -1.8152498494707046}","{'sigma': 2684.6385569687227, 'mu': -878.3530441939714, 'w0': 14970.36290338857, 'delta': 12375.261704224387, 'psi': 0.2}",{'sigma': 0.1790224824792617},0.010752265223758392,0.06702552630878235
300,300,7.716618866833076,7.481711564376354,0.23490730245672165,0.16055443264117963,0.3987616180146204,0.14331507473906094,0.022988812184763372,,,,,,,,
301,301,7.937619480425495,7.469171046931071,0.4684484334944239,0.16153216829306033,0.4022678538619124,0.15259057952388266,0.029380393581098865,,,,,,,,
302,302,7.433291757399061,7.456568840916159,-0.023277083517097452,0.1603670338246886,0.4102578428312629,0.14667761598805626,0.02096309753158681,,,,,,,,
303,303,7.525712406131888,7.443902700642397,0.08180970548949063,0.15930026556572702,0.41885152027938566,0.15478349274811398,0.024852982179472325,,,,,,,,
304,304,7.827357692736966,7.431170097599527,0.3961875951374383,0.15910387717517196,0.41502989334106594,0.15133751831844255,0.02679061384333909,,,,,,,,
305,305,7.745629046293368,7.418368535737178,0.3272605105561901,0.15851253958361552,0.41548989384286455,0.1487284914263601,0.027828838832105726,,,,,,,,
306,306,7.2820546059670095,7.405495485330831,-0.12344087936382131,0.1583601683156345,0.41228501554705843,0.14747608855582384,0.030470554779311498,,,,,,,,
307,307,7.36809225322463,7.392548695472215,-0.02445644224758503,0.15806729497952882,0.41357113776102067,0.15028484246200285,0.0255142747172148,,,,,,,,
308,308,7.702548612767084,7.379526554725637,0.3230220580414471,0.15847021898344793,0.4123608982566335,0.15119059939646157,0.02882014859545375,,,,,,,,
309,309,7.860738216512207,7.366428003009841,0.4943102135023656,0.15882004018441429,0.4247708238098863,0.1520021502112584,0.021805949100165856,,,,,,,,
310,310,8.608548832545802,7.353252105672098,1.2552967268737039,0.16479156856438149,0.431284559723546,0.1679223271700528,0.018873802202144973,,,,,,,,
311,311,8.178355234788512,7.339997995600059,0.8383572391884533,0.1679654271255154,0.4497785816858118,0.1773172056450026,0.025730774494101643,,,,,,,,
312,312,7.890331155142199,7.326664826305201,0.5636663288369981,0.16853706371055086,0.4576550783300244,0.19366465981528636,0.037719510968245405,,,,,,,,
313,313,7.009822398657638,7.313252167682585,-0.30342976902494634,0.16912146640538786,0.44961430091903504,0.18325754275750103,0.02425269070189538,,,,,,,,
314,314,6.976075715818393,7.2997600356191095,-0.32368431980071666,0.16971834115192194,0.45145494354372195,0.17677829382626772,0.016530275272127123,,,,,,,,
315,315,6.680685828853006,7.286189179239503,-0.6055033503864964,0.171092788476608,0.45622331906767033,0.1864068276962428,0.012221969984009866,,,,,,,,
316,316,7.487354595210557,7.272541176760962,0.21481341844959534,0.17124425395660864,0.4500812824692864,0.18383630762035763,0.009291005558313081,,,,,,,,
317,317,7.294174360554608,7.258818443364032,0.03535591719057596,0.17059858720563417,0.44694605716155167,0.1777179167704176,0.00977782925522013,,,,,,,,
318,318,6.811257288200649,7.245024101125795,-0.4337668129251462,0.1702466076634034,0.4402003677109536,0.17595080356682632,0.021987984035797103,,,,,,,,
319,319,6.999564261221781,7.231162044176223,-0.23159778295444156,0.1688267165446019,0.44516150881837324,0.18048264363552616,0.02814342189377151,0.9999999999998053,2.3212830573083493e-14,1.7152130024308475e-13,"{'sigma': 0.36150327419359884, 'lam': -1.3728126404456142}","{'sigma': 2665.7673618727104, 'mu': -331.72979620571743, 'w0': 14331.24178298983, 'delta': 13351.143407259904, 'psi': 0.2}",{'sigma': 0.18596487295871758},0.012829327786556413,0.07599109933034245
320,320,7.0825757912381295,7.217236939411448,-0.13466114817331842,0.16896124784971953,0.44586735847697134,0.18211411380798076,0.027797254025473905,,,,,,,,
321,321,7.3497875612986565,7.203254167491506,0.14653339380715025,0.16881259990948422,0.44390138471260215,0.17938247224392984,0.02663833510858317,,,,,,,,
322,322,7.420713727455052,7.189219346638266,0.23149438081678575,0.16814336381278713,0.4420496055763147,0.17983843858455772,0.013682949572639422,,,,,,,,
323,323,7.511161919032444,7.175137586317834,0.33602433271461063,0.16808478837140545,0.44465263162012686,0.17414963523931715,0.010005479774288159,,,,,,,,
324,324,7.3158108717385435,7.161013317789014,0.1547975539495292,0.16811312320362007,0.4535856466974514,0.17552521331317067,0.008863795946899662,,,,,,,,
325,325,7.342269640061623,7.146850511605999,0.19541912845562415,0.16394032942807382,0.4540689014437889,0.19664812198880954,0.006919844224067335,,,,,,,,
326,326,6.626491674471884,7.132652556280885,-0.5061608818090004,0.16514203149708584,0.4556524649521493,0.1931026942263303,0.0024740647331599266,,,,,,,,
327,327,6.274843733182282,7.118422292425531,-0.843578559243249,0.16726354617147152,0.46701319967610044,0.18569200846317394,-0.003261037235858781,,,,,,,,
328,328,6.472673286602487,7.104162191173791,-0.6314889045713041,0.16934922515602407,0.47620314392287133,0.1948148063539365,-0.006103023262428882,,,,,,,,
329,329,6.590269873672247,7.089874197195623,-0.4996043235233767,0.17066373154765915,0.48116382785063555,0.20502115964507509,0.0026814993975118866,,,,,,,,
330,330,6.281426254561406,7.074973612593675,-0.793547358032269,0.17389006204024143,0.48675159106303234,0.21783141946284243,0.02197292253329498,,,,,,,,
331,331,6.946840087449965,7.060096701368954,-0.11325661391898834,0.1739067916812134,0.4855536566405919,0.2180226910735411,0.023312223497598136,,,,,,,,
332,332,7.006405509554554,7.0452362978632666,-0.03883078830871245,0.1738610586976071,0.4880335411414862,0.21847976429053018,0.02437888528073091,,,,,,,,
333,333,6.854190481667569,7.030387464702978,-0.17619698303540865,0.17327120845863603,0.4863969613419043,0.2185051841616953,0.03461983962387035,,,,,,,,
334,334,7.016748265125018,7.015546814162745,0.0012014509622728653,0.17283663328043627,0.4861135893139962,0.22391554953744788,0.03342684070251874,,,,,,,,
335,335,7.2791990905340676,7.000712051075562,0.27848703945850595,0.17313536617792363,0.48866274194393705,0.22178100138530485,0.03227419284624755,,,,,,,,
336,336,6.555304686866142,6.985881611932627,-0.43057692506648504,0.17288284714603272,0.48747489153178886,0.22625379028218456,0.029347399621246262,,,,,,,,
337,337,6.975739478823498,6.9710544138873045,0.004685064936193584,0.1727722733624667,0.4857022854653655,0.22815941034527906,0.031106329208052945,,,,,,,,
338,338,7.034842189522172,6.956229753462747,0.07861243605942558,0.17244000485856914,0.490093900843462,0.2303299345185223,0.03330491090403216,,,,,,,,
339,339,7.228965555305708,6.941407157794101,0.2875583975116065,0.17209274128254845,0.4878738117625785,0.2282680888342702,0.03180820239025819,0.9999999999687312,2.944214907448913e-11,1.826624495510948e-12,"{'sigma': 0.35114445452401366, 'lam': -1.240612910300701}","{'sigma': 0.10783603073590653, 'mu': -0.2287924446887022, 'w0': 0.675969135940758, 'delta': 8.691005692895715e-10, 'psi': 0.2}",{'sigma': 0.1923153251440745},0.015397807860803418,0.0894738949827216
340,340,7.342909958193012,6.926586280423032,0.4163236777699799,0.1721711789517099,0.4884071399086396,0.2313027602773204,0.02780072831782405,,,,,,,,
341,341,6.771308169157502,6.911766825069345,-0.1404586559118437,0.17207133632205132,0.48705699953405945,0.22809771399232912,0.026756485580837413,,,,,,,,
342,342,7.248097213957259,6.8969485149508,0.3511486990064583,0.17244224971919167,0.4877185173452373,0.2320100605409797,0.029917245125798724,,,,,,,,
343,343,7.434500869923096,6.882131114320083,0.5523697556030127,0.17327128988740506,0.48989389690618523,0.2281024582521622,0.035317872587228946,,,,,,,,
344,344,7.715435199582203,6.867314376236136,0.8481208233460666,0.17665531675016447,0.49569499522514937,0.23337025782302173,0.03102402367988456,,,,,,,,
345,345,6.975141960838417,6.8524980138970095,0.12264394694140712,0.1766756325824744,0.49306990773701187,0.233801405392369,0.03112462626543834,,,,,,,,
346,346,7.117756320994047,6.837681704794301,0.2800746161997463,0.17698721498384945,0.49320742758065134,0.23712479753208432,0.03495943781263584,,,,,,,,
347,347,6.7155500745664325,6.822865124378865,-0.10731504981243223,0.17704732644601048,0.4919223243701105,0.23665366765604035,0.033650062196812804,,,,,,,,
348,348,6.378695388651137,6.808047949901939,-0.429352561250802,0.17739600762878724,0.4927878661353833,0.24407720943087613,0.03740610277069933,,,,,,,,
349,349,6.970031243663082,6.793229896351095,0.17680134731198738,0.17752177189552057,0.4946523370597259,0.2443956592056262,0.03861374181361361,,,,,,,,
350,350,6.662192450380154,6.778410731798323,-0.11621828141816959,0.17401656513977415,0.48869240764739424,0.24296299166045532,0.038590597047328604,,,,,,,,
351,351,6.862264409997158,6.7635902369238,0.09867417307335735,0.17288830830906413,0.4872277593447627,0.24347779161377286,0.03367685651114679,,,,,,,,
352,352,6.762403899956874,6.748768212242635,0.013635687714239175,0.17266609489505197,0.4872538152001154,0.2421484359199578,0.0300087536598635,,,,,,,,
353,353,7.0858937595477,6.733944466888386,0.35194929265931396,0.1731914692644534,0.48667083808240896,0.2431242390880289,0.028561017247909683,,,,,,,,
354,354,6.785042946786456,6.71911881471656,0.06592413206989622,0.1727808091309884,0.48436699390364807,0.24291339738320508,0.030898616787686822,,,,,,,,
355,355,6.90038565340533,6.704291057352493,0.19609459605283686,0.17100037571354662,0.4859856765023011,0.2503531693471521,0.021171114334566813,,,,,,,,
356,356,7.112398639134049,6.689460997405711,0.42293764172833725,0.1717422686301514,0.48754920228593457,0.2503440203419492,0.024196620853797614,,,,,,,,
357,357,5.97494037109782,6.674628431142032,-0.6996880600442115,0.17409330888713484,0.48107362515341384,0.24808181637250815,0.026785153591360755,,,,,,,,
358,358,6.131379907041353,6.659793149903169,-0.5284132428618156,0.1741764155932668,0.48451178337360246,0.23467070914360869,0.02279662205006858,,,,,,,,
359,359,5.892201811584068,6.64495499757778,-0.7527531859937113,0.17666395229213028,0.4885153093474265,0.24710634152022903,0.011853809044119952,0.9999999999992799,6.942319099395284e-13,2.5706544547360346e-14,"{'sigma': 0.32893638731931707, 'lam': -1.0997859529289427}","{'sigma': 0.0961318027909761, 'mu': -0.19114086065645663, 'w0': 0.56472722911566, 'delta': 4.7066741615253704e-09, 'psi': 0.2}",{'sigma': 0.19481674998495893},0.017236430992359004,0.09756620277495526
360,360,6.640827410031807,6.630113877355354,0.010713532676453141,0.17570906780821058,0.4851097317058136,0.24476300380031957,0.003948203602642573,,,,,,,,
361,361,6.903151987172575,6.615269740252997,0.28788224691957787,0.17601412394619623,0.4843957504927767,0.23670977545912944,0.0001425291734851213,,,,,,,,
362,362,6.816975905011858,6.600422543234637,0.21655336177722084,0.17601073618419666,0.48477471271821654,0.23752165447310372,-0.002851341165551432,,,,,,,,
363,363,7.035512456795771,6.5855722242211305,0.4499402325746402,0.17475200056145385,0.49151392839778263,0.2451922648528655,-0.005177960016669751,,,,,,,,
364,364,6.985009795098037,6.570718700704214,0.41429109439382295,0.17534109007746876,0.49332413505262634,0.24717319944225183,-0.0003797086657519091,,,,,,,,
365,365,6.596551931856871,6.555861861412474,0.04069007044439665,0.17513222689159985,0.49339086680400146,0.250141423647397,0.003510410978575875,,,,,,,,
366,366,7.116151100842543,6.541001572583979,0.5751495282585637,0.17650382028223466,0.49148199989672314,0.2538421719240196,0.008580511465022264,,,,,,,,
367,367,7.553304211524032,6.526137693950056,1.027166517573976,0.18029520445908964,0.49366717866321247,0.24659906649566338,0.007501454673761165,,,,,,,,
368,368,7.495333975496866,6.51127005929831,0.984063916198556,0.18249719391093971,0.5032653355503531,0.2443922928494651,0.011683112358192221,,,,,,,,
369,369,7.468665990649761,6.4963984734397044,0.9722675172100566,0.18585351577428294,0.511621159283637,0.26632588588315415,0.022598144422881744,,,,,,,,
370,370,7.074722312103846,6.481522713576427,0.593199598527419,0.18314392044690386,0.5285800956678408,0.27303736278081453,0.032828444044107584,,,,,,,,
371,371,6.69159771949142,6.4666425307271105,0.22495518876430953,0.1830172868606905,0.5308250761382047,0.2749645575441644,0.03814295450649972,,,,,,,,
372,372,6.91713257918205,6.451757654789588,0.46537492439246275,0.18351608458720378,0.5307375135412767,0.27773648702701886,0.046938414913568496,,,,,,,,
373,373,6.511106539592475,6.4368678073223595,0.0742387322701159,0.1833808818438678,0.5291226674746461,0.2774152185852201,0.04801326614667807,,,,,,,,
374,374,6.45853224238165,6.421972699718839,0.03655954266281114,0.18301825772054123,0.5291103764478815,0.2790104002254034,0.04148393811713119,,,,,,,,
375,375,6.329077915795342,6.4070720501936425,-0.07799413439830083,0.18310640383901067,0.5302749173682398,0.2802996915204186,0.039271409423130524,,,,,,,,
376,376,6.02117341984445,6.392165591446867,-0.37099217160241693,0.18371632125764537,0.5444933222019199,0.2819329372813362,0.04060986385156886,,,,,,,,
377,377,6.306958931986646,6.377253080117281,-0.07029414813063539,0.17951631995193368,0.546374761445664,0.2812488496097341,0.04907095764317707,,,,,,,,
378,378,6.289775466896495,6.362334307396832,-0.07255884050033679,0.17943483634348426,0.5462104396732468,0.2843969213059864,0.05094982853454263,,,,,,,,
379,379,6.254229053942175,6.347409085666143,-0.0931800317239686,0.1794198440940679,0.548948188537225,0.28628135420029394,0.05032511933314934,0.9999999999978335,2.16594222201925e-12,4.3126359992578024e-16,"{'sigma': 0.3079409784865181, 'lam': -0.9358303743013057}","{'sigma': 0.09766145409452998, 'mu': -0.17901566510923672, 'w0': 0.5289032372115796, 'delta': 1.4739893750004285e-09, 'psi': 0.2}",{'sigma': 0.2004626514994166},0.01996465611753638,0.11127340021023052
380,380,6.84082000732668,6.332477243905571,0.5083427634211084,0.1799127327093035,0.5444860467579332,0.2899170514764959,0.055077535754827996,,,,,,,,
381,381,6.450646695399081,6.317538620676013,0.13310807472306863,0.1797025120894773,0.5498114338239848,0.29651217699274285,0.05442206958825088,,,,,,,,
382,382,6.042400276643098,6.302593039647399,-0.2601927630043006,0.17870220151464347,0.5433097399679193,0.293590401443368,0.060845358367814524,,,,,,,,
383,383,5.864297504973952,6.287640324372185,-0.4233428193982327,0.1772201180927927,0.5512763754558624,0.3005946049847406,0.05357879549016357,,,,,,,,
384,384,6.094155952373811,6.2726803243916605,-0.17852437201784976,0.17751578105645716,0.5524867052269203,0.3024517393353494,0.05280670642365343,,,,,,,,
385,385,6.566263176127399,6.2577129230834565,0.30855025304394257,0.1773543734004732,0.5510367617725463,0.29687145395350123,0.05239485921872313,,,,,,,,
386,386,6.489293207147108,6.242738020661771,0.24655518648533725,0.17748303118993608,0.5520432800820837,0.2951187844164024,0.05018050391610418,,,,,,,,
387,387,6.03698903727226,6.227755506421923,-0.1907664691496631,0.17769043221652117,0.5517308552420169,0.2920488545063016,0.05244452386400103,,,,,,,,
388,388,5.513776609496565,6.212765261499421,-0.6989886520028561,0.1804340171314536,0.5546533509764161,0.2855159409581072,0.04453476284560214,,,,,,,,
389,389,5.540326059839345,6.197767186737852,-0.6574411268985063,0.18281782265861124,0.5625046218500651,0.2918114546387497,0.04177357784864899,,,,,,,,
390,390,6.132757108774239,6.182761223835696,-0.050004115061456744,0.18285870880651728,0.561027592788994,0.29165786744663014,0.0421463258248478,,,,,,,,
391,391,6.236455670401934,6.167747351593007,0.06870831880892769,0.1821249135646414,0.5605879029101568,0.2880286028104019,0.04235778708854934,,,,,,,,
392,392,5.899113963457948,6.152725559541616,-0.253611596083668,0.18252472393241612,0.559402829084908,0.2889052448218256,0.04761431025210739,,,,,,,,
393,393,6.024807748405262,6.137695839630508,-0.1128880912252459,0.18245628339879552,0.560586251474436,0.28787334061739395,0.04711088404551477,,,,,,,,
394,394,5.806105953577896,6.122658199658449,-0.316552246080553,0.18318788767093067,0.561713399441361,0.29065843820657966,0.046578698319949804,,,,,,,,
395,395,5.779307421450119,6.107612662400727,-0.3283052409506073,0.18374880024136314,0.5630725655499091,0.30014104296606836,0.053942832019542156,,,,,,,,
396,396,6.0926627282967925,6.0925592736006156,0.00010345469617689673,0.18359962369047003,0.573017816556055,0.3052068112987066,0.05453653464255295,,,,,,,,
397,397,6.359802996733353,6.077498100159907,0.2823048965734456,0.18011223226298434,0.566185822998542,0.3036897005124119,0.051839952351328024,,,,,,,,
398,398,6.3776806924033895,6.062429209240572,0.31525148316281726,0.1784886380799167,0.5690381548948698,0.3041441896776464,0.05768351846337208,,,,,,,,
399,399,5.9922258203002325,6.047352648942397,-0.05512682864216423,0.1785414322734836,0.5675689536593225,0.3048567877594051,0.05746355901227338,0.9999999999984734,1.5241158759111332e-12,2.4866682160175637e-15,"{'sigma': 0.3001535951305927, 'lam': -0.9101006951723214}","{'sigma': 0.0931177946666617, 'mu': -0.17211779237847047, 'w0': 0.5085234149814729, 'delta': 2.2090240747729695e-10, 'psi': 0.2}",{'sigma': 0.19842598751989626},0.021201273880538548,0.11874708077878063
400,400,6.158134568102138,6.032268448445763,0.12586611965637484,0.17855933525762316,0.5693947567644259,0.305186813261529,0.05783896946540962,,,,,,,,
401,401,6.058945155567267,6.017176634986282,0.04176852058098479,0.1774297417881051,0.5759612449966179,0.3060223026730977,0.06253242898972329,,,,,,,,
402,402,5.77544038968071,6.002077229834701,-0.22663684015399177,0.17738085411513,0.5762847301346143,0.30308584356945417,0.05972149558966223,,,,,,,,
403,403,5.480945540574766,5.986970254259483,-0.5060247136847176,0.17898053401847988,0.5786603879363815,0.3030763534655109,0.05872455089243288,,,,,,,,
404,404,5.456179761128167,5.971855748359757,-0.5156759872315897,0.18000881814408332,0.5806822980309994,0.302935925229315,0.054668170706016116,,,,,,,,
405,405,5.563946655097057,5.956733786146062,-0.39278713104900476,0.17991466814264007,0.5810280875435264,0.3036501935308242,0.051755340868407225,,,,,,,,
406,406,5.587398858504966,5.941604477115133,-0.354205618610167,0.1796691045259051,0.5806503603891114,0.30340655115571225,0.04621917766251109,,,,,,,,
407,407,4.737178517419085,5.926467961074113,-1.1892894436550288,0.1862044711638516,0.5782095133074776,0.30392995099541276,0.058817815755605664,,,,,,,,
408,408,4.7780558605289,5.911324405147566,-1.1332685446186659,0.191658414313638,0.5902641550211812,0.30575222454372575,0.06721628051742769,,,,,,,,
409,409,5.463146001806177,5.896174004119746,-0.4330280023135691,0.1880124325204608,0.5889015549762234,0.3092313434039315,0.09030074469033027,,,,,,,,
410,410,5.124459348282551,5.881016982660029,-0.7565576343774776,0.1898635920670419,0.5903354910395094,0.33590276898238436,0.12148136355662417,,,,,,,,
411,411,5.531515618115096,5.8658535978209905,-0.33433797970589474,0.18988332783867504,0.6016032967099427,0.3455637374457916,0.13781346932936753,,,,,,,,
412,412,5.801222764281615,5.850684142933906,-0.04946137865229083,0.18788209736713818,0.5974917134120641,0.3359329468174424,0.13434820281756524,,,,,,,,
413,413,5.822970532949669,5.835508933866222,-0.012538400916552561,0.1863510817583685,0.5933508597271018,0.3332610104300607,0.13605524475793176,,,,,,,,
414,414,6.294130446482758,5.820328289726077,0.47380215675668147,0.18469560496243081,0.5907169155683365,0.33594768045151124,0.13627776203308703,,,,,,,,
415,415,5.844222893052017,5.805142520235212,0.03908037281680432,0.18430724768430817,0.5907094760920045,0.3380209315586124,0.13320603028045536,,,,,,,,
416,416,5.773551353537141,5.789951905273263,-0.01640055173612165,0.1842659730471465,0.5905443113445663,0.3389622370060867,0.13277666874445224,,,,,,,,
417,417,5.694280429276628,5.774756712227197,-0.08047628295056963,0.18410578385060164,0.5953614410855694,0.33812110035450904,0.1298199681732586,,,,,,,,
418,418,5.882574793912687,5.759557206177566,0.12301758773512095,0.18303344894191007,0.5996548874210377,0.34278610482501204,0.1309201349034868,,,,,,,,
419,419,6.084967070518376,5.744353651569453,0.34061341894892294,0.18334029233188703,0.5990697650396601,0.34127704227810235,0.13335455695617132,0.9999999999868481,1.3151314936385816e-11,6.756288409751971e-16,"{'sigma': 0.2846672783415752, 'lam': -0.8321669287600635}","{'sigma': 0.08148646320197339, 'mu': -0.13737120897952382, 'w0': 0.4058643526431001, 'delta': 5.925711032972458e-10, 'psi': 0.2}",{'sigma': 0.19816255716784778},0.021816470180550614,0.11899441144698249
420,420,6.9892523258956665,5.729146297335646,1.2601060285600205,0.19064682525843882,0.5969157142484706,0.3422895150816575,0.12904526934710261,,,,,,,,
421,421,6.463695738340259,5.7139353620334274,0.7497603763068312,0.1932377261607345,0.6063862437459843,0.34618559457035114,0.1301080956202555,,,,,,,,
422,422,6.496853433207798,5.698721029684566,0.7981324035232324,0.19504910573831732,0.6113029617548696,0.3622748026621927,0.1405387168000066,,,,,,,,
423,423,6.789093058621411,5.683503436512374,1.1055896221090373,0.20045805226785154,0.6191081714576671,0.37721533518140066,0.16851678358186756,,,,,,,,
424,424,6.425317310650096,5.668282669386491,0.7570346412636049,0.20299392898448548,0.6262053702626832,0.3860455637550799,0.17965534550054837,,,,,,,,
425,425,6.201293874711389,5.653058771240535,0.5482351034708541,0.20360942276889624,0.632578604053394,0.3965442694971607,0.192941049644039,,,,,,,,
426,426,6.529823258858296,5.637831736701391,0.8919915221569052,0.2068880585683252,0.634891037955738,0.4040292483639174,0.20980522350238812,,,,,,,,
427,427,5.854963386299138,5.622601513230386,0.23236187306875244,0.20653031665562024,0.6316054390148163,0.4039654057889491,0.21011191422722214,,,,,,,,
428,428,6.056131438480284,5.607368003908785,0.44876343457149837,0.2059860891367079,0.6317681213308943,0.40644913625136747,0.21201059820740664,,,,,,,,
429,429,5.653602905068443,5.592131081540865,0.06147182352757774,0.20580134453391782,0.6302191682371686,0.4057177819320352,0.20874224428860266,,,,,,,,
430,430,5.556481788221809,5.576890587317106,-0.02040879909529636,0.20558881206577553,0.6297511217883702,0.4029786418989022,0.20873654507781977,,,,,,,,
431,431,5.444120389888509,5.561646352207191,-0.11752596231868218,0.20553670771460927,0.6293603564413014,0.4033646011976495,0.2084887067837779,,,,,,,,
432,432,5.899720176074882,5.5463982100358695,0.35332196603901256,0.20509950101757035,0.6291282133520251,0.4067855926206377,0.21243786848908489,,,,,,,,
433,433,5.43773260839857,5.531145997788728,-0.09341338939015742,0.20520953992202923,0.6274920415355711,0.40729355440501613,0.21428086750836714,,,,,,,,
434,434,4.7687408884121085,5.515889533397584,-0.7471486449854758,0.2080139138363086,0.6244823421042432,0.4039797867181357,0.21806553104511195,,,,,,,,
435,435,4.667613619606107,5.500628645113534,-0.8330150255074269,0.21138955122355976,0.638428014103765,0.4058702667447614,0.20913861884041907,,,,,,,,
436,436,4.394824621509119,5.4853632080778905,-1.0905385865687718,0.2165284126256537,0.6466222147241654,0.42103697415477,0.2105695338228768,,,,,,,,
437,437,4.4784756810827195,5.470093149704312,-0.9916174686215928,0.2217745600765381,0.6569462845439417,0.433589856114979,0.22667849654762265,,,,,,,,
438,438,4.71653417275173,5.454818443685609,-0.738284270933879,0.22480902223067817,0.6628068630115331,0.44432562565081785,0.23882892371263595,,,,,,,,
439,439,4.873899232469791,,,,,,,,,,,,,,
440,440,4.501056967829959,,,,,,,,,,,,,,
441,441,4.106681301131347,,,,,,,,,,,,,,
442,442,4.240310127360268,,,,,,,,,,,,,,
443,443,3.944749965499575,,,,,,,,,,,,,,
444,444,3.5531184108013414,,,,,,,,,,,,,,
445,445,3.857069316506494,,,,,,,,,,,,,,
446,446,3.733793909245562,,,,,,,,,,,,,,
447,447,3.733332335952139,,,,,,,,,,,,,,
448,448,3.7480560858076397,,,,,,,,,,,,,,
449,449,3.709563750641683,,,,,,,,,,,,,,
450,450,3.6515551452221624,,,,,,,,,,,,,,
451,451,3.6418295779654866,,,,,,,,,,,,,,
452,452,3.391927801670488,,,,,,,,,,,,,,
453,453,3.282672673267732,,,,,,,,,,,,,,
454,454,2.9769715948107476,,,,,,,,,,,,,,
455,455,2.9029884372777657,,,,,,,,,,,,,,
456,456,2.6552079965575315,,,,,,,,,,,,,,
457,457,2.328495510310203,,,,,,,,,,,,,,
458,458,1.9720773851035038,,,,,,,,,,,,,,
459,459,1.6104606507205794,,,,,,,,,,,,,,
460,460,1.105867350223929,,,,,,,,,,,,,,
461,461,0.5023144061724989,,,,,,,,,,,,,,
462,462,0.2425457238159333,,,,,,,,,,,,,,
463,463,0.29781625198042483,,,,,,,,,,,,,,
464,464,0.25689030495707477,,,,,,,,,,,,,,
465,465,0.25682648949060516,,,,,,,,,,,,,,
466,466,0.30672708037973023,,,,,,,,,,,,,,
467,467,0.2522131721325689,,,,,,,,,,,,,,
468,468,0.2792684136241674,,,,,,,,,,,,,,
469,469,0.27895715768749313,,,,,,,,,,,,,,
470,470,0.2676083634185463,,,,,,,,,,,,,,
471,471,0.25835916899529,,,,,,,,,,,,,,
472,472,0.2581881962637186,,,,,,,,,,,,,,
473,473,0.24641065136224594,,,,,,,,,,,,,,
474,474,0.2383017543162972,,,,,,,,,,,,,,
475,475,0.2257667653090215,,,,,,,,,,,,,,
476,476,0.25570020241451424,,,,,,,,,,,,,,
477,477,0.28951185615504144,,,,,,,,,,,,,,
478,478,0.2284651150202217,,,,,,,,,,,,,,
479,479,0.26400194083335504,,,,,,,,,,,,,,
480,480,0.26748613981641295,,,,,,,,,,,,,,
481,481,0.2862206410715164,,,,,,,,,,,,,,
482,482,0.2832543563272864,,,,,,,,,,,,,,
483,483,0.2776242993360319,,,,,,,,,,,,,,
484,484,0.2434198474977718,,,,,,,,,,,,,,
485,485,0.25927589965920605,,,,,,,,,,,,,,
486,486,0.2527574934189119,,,,,,,,,,,,,,
487,487,0.234599281338995,,,,,,,,,,,,,,
488,488,0.2631760586775839,,,,,,,,,,,,,,
489,489,0.2399018005791238,,,,,,,,,,,,,,
490,490,0.273466569106524,,,,,,,,,,,,,,
491,491,0.26760582229322943,,,,,,,,,,,,,,
492,492,0.22713910652826347,,,,,,,,,,,,,,
493,493,0.2732010323919868,,,,,,,,,,,,,,
494,494,0.2588987511380932,,,,,,,,,,,,,,
495,495,0.2553032883940373,,,,,,,,,,,,,,
496,496,0.20172836259588195,,,,,,,,,,,,,,
497,497,0.2286823093862497,,,,,,,,,,,,,,
498,498,0.23213567660072845,,,,,,,,,,,,,,
499,499,0.23237982237978438,,,,,,,,,,,,,,
